CÓDIGO;RENNOVA CARE PRO;UNID;Preço (Todas as Faixas)
9255134;RENNOVA CARE PRO CHLORHEXIDINE ANTISEPTIC CLEANSING FOAM FACE;450ML;70.99
9255142;RENNOVA CARE PRO CHLORHEXIDINE ANTISEPTIC CLEANSING TONIC;450ML;70.99
9255183;RENNOVA CARE PRO RENNOVADERMA CREAM;120G;140.99
9255829;RENNOVA CARE PRO ANTISEPTIC CLEANSING WIPES 19CM X 14CM;100UN;50.99
9259067;RENNOVA CARE PRO CALMING FACE AQUA;200ML;120.99
9255159;RENNOVA CARE PROFESSIONAL CHLORHEXIDINE ANTISEPTIC CLEANSING FOAM BODY;450ML;70.99
9257879;RENNOVA CARE PRO VIGOROUS MASSAGE CREAM;900G;130.99
9255167;RENNOVA CARE PRO LUMINOUS BODY SERUM;450ML;120.99
9255175;RENNOVA CARE PRO BODY GLOW PERFECT OIL;450ML;150.99
9258907;RENNOVA CARE PROFESSIONAL SKIN MARKER PENCIL SET;4UN;69.99
-;KIT CARE PRO;1 KIT;249.99
