CÓDIGO;RENNOVA CARE;UNID;Preço Varejo;2 Unidades 5% OFF;3 Unidades 10% OFF;4 Unidades 15% OFF;50 Unidades 50% OFF
9251216;RENNOVA CARE HYALURONIC GEL CLEANSER;180G;58.99;56.04;53.09;50.14;29.50
9251265;RENNOVA CARE HYALURONIC MICELLAR SOLUTION;200ML;58.99;56.04;53.09;50.14;29.50
9254421;RENNOVA CARE MAKEUP REMOVER CLEANSING FACE WIPES;40UN;29.99;28.49;26.99;25.49;15.00
9255837;RENNOVA CARE MAKEUP REMOVER CLEANSING LIP WIPES;40UN;29.99;28.49;26.99;25.49;15.00
9258906;RENNOVA CARE BEAUTY WATER;100ML;58.99;56.04;53.09;50.14;29.50
9251224;RENNOVA CARE DEEP HYDRATION BODY CREAM;200G;58.99;56.04;53.09;50.14;29.50
9251232;RENNOVA CARE HAND AND NAILS CREAM;50G;35.99;34.19;32.39;30.59;18.00
9251281;RENNOVA CARE PROTETOR SOLAR FPS 60 FACIAL;50ML;82.99;78.84;74.69;70.54;41.50
9251299;RENNOVA CARE PROTETOR SOLAR FPS 60 FACIAL TONALIZANTE;50ML;82.99;78.84;74.69;70.54;41.50
9251307;RENNOVA CARE PROTETOR SOLAR FPS 99;50ML;117.99;112.09;106.19;100.29;59.00
9253276;RENNOVA CARE HYALURONIC GLOSS RUBY;4.5ML;77.99;74.09;70.19;66.29;39.00
9254799;RENNOVA CARE HYALURONIC GLOSS DIAMOND;4.5ML;77.99;74.09;70.19;66.29;39.00
9254802;RENNOVA CARE HYALURONIC GLOSS QUARTZO;4.5ML;77.99;74.09;70.19;66.29;39.00
9254804;RENNOVA CARE HYALURONIC GLOSS AGATE;4.5ML;77.99;74.09;70.19;66.29;39.00
9254807;RENNOVA CARE PERFECT LIPS DUO QUEEN;1.6G;82.99;78.84;74.69;70.54;41.50
9254809;RENNOVA CARE PERFECT LIPS DUO LADY;1.6G;82.99;78.84;74.69;70.54;41.50
9254813;RENNOVA CARE PERFECT LIPS DUO DIVA;1.6G;82.99;78.84;74.69;70.54;41.50
9254816;RENNOVA CARE PERFECT LIPS DUO PRINCESS;1.6G;82.99;78.84;74.69;70.54;41.50
9254821;RENNOVA CARE PERFECT EYES DUO CRYSTAL;1.6G;82.99;78.84;74.69;70.54;41.50
9160136;RENNOVA BEAUTE HYALURONIC COMPLEX;30 CAPS;58.99;56.04;53.09;50.14;29.50
309960;RENNOVA CARE COLAGENO ELLEVA SABOR FRUTAS VERM;30UN;53.99;51.29;48.59;45.89;27.00
9272172;RENNOVA CARE LIFT-FILLER HYALURONIC BOOSTER + MULTI PEPTIDE;50G;211.99;201.39;190.79;180.19;106.00
9272174;RENNOVA CARE ELLEVA COLLAGEN CREAM;40G;211.99;201.39;190.79;180.19;106.00
9272170;RENNOVA CARE LIFT-TOX SERUM;30ML;211.99;201.39;190.79;180.19;106.00
-;RENNOVA CARE SENSIDERM FOAM CLEANSER;150ML;58.99;56.04;53.09;50.14;29.50
-;RENNOVA CARE MAXI GLOW;100G;99.99;94.99;89.99;84.99;50.00
-;RENNOVA CARE LIP PLUMPER;UNID;77.99;74.09;70.19;66.29;39.00
-;RENNOVA HAIR POWER SHOT;1CX;499.99;-;-;-;-
-;RENNOVA HAIR DIAMOND CARE;UNID;1499.99;-;-;-;-
